input_name,source,found_name,price,unit,fuzzy_score,sku_id,match_type,match_reason
Rojolele Beras Pulen 5 kg,alfagift,Fortune Beras Pulen Premium 5 kg,73500,5 kg,100,A8269800002167,alternative,brand differs; keyword overlap
Rojolele Beras Pulen 2.5 kg,alfagift,Cap Anak Raja Beras Pulen 5 kg,74500,5 kg,82,A7928330002167,alternative,brand differs; size differs; keyword overlap
Maknyuss Beras Premium 5 kg,alfagift,Sania Beras Premium 5 kg,74500,5 kg,100,A7367600001139,alternative,brand differs; keyword overlap
Maknyuss Beras Premium 2.5 kg,alfagift,Hok-1 Beras Premium 5 kg,74500,5 kg,94,A8310770002167,alternative,brand differs; size differs; keyword overlap
Topi Koki Beras Setra Ramos 5 kg,alfagift,Alfamart Beras Setra Ramos 5 kg,74500,5 kg,100,A28090002703,alternative,brand differs; keyword overlap
Topi Koki Beras Pandan Wangi 5 kg,alfagift,Alfamart Beras Pandan Wangi 5 kg,115500,5 kg,100,A08880252772,alternative,brand differs; keyword overlap
Lingkar Organik Beras Merah 1 kg,alfagift,Tropicana Slim Beras Merah Organik 1 kg,49900,1 kg,100,A8131610002167,alternative,brand differs; keyword overlap
Sunlee Beras Japonica 2 kg,alfagift,Anak Raja Beras Pulen Pouch 1 kg,19500,1 kg,62,A7928320002167,alternative,brand differs; size differs; keyword overlap
Rose Brand Beras Ketan Putih 500 g,alfagift,Rose Brand Tepung Ketan Putih 500 g,20000,500 g,100,A28090001914,alternative,keyword overlap
Sania Minyak Goreng Pouch 1 L,alfagift,Sania Minyak Goreng Pouch 1 L,21600,1 L,100,A7693360000985,exact,brand and size match
Sania Minyak Goreng Pouch 2 L,alfagift,Sania Minyak Goreng Pouch 2 L,43000,2 L,100,A09350002156,exact,brand and size match
Tropical Minyak Goreng Pouch 1 L,alfagift,Bimoli Minyak Goreng Pouch 1 L,20400,1 L,100,A09350001879,alternative,brand differs; keyword overlap
Tropical Minyak Goreng Pouch 2 L,alfagift,Bimoli Minyak Goreng Pouch 2 L,39900,2 L,100,A09350001880,alternative,brand differs; keyword overlap
Fortune Minyak Goreng Pouch 1 L,alfagift,Happy Minyak Goreng Kedelai Murni Pouch 1 L,46900,1 L,100,A8345640002167,alternative,brand differs; keyword overlap
Fortune Minyak Goreng Pouch 2 L,alfagift,Fortune Minyak Goreng Pouch 2 L,42800,2 L,100,A09350002135,exact,brand and size match
Sovia Minyak Goreng Botol 1 L,alfagift,Tropical Minyak Goreng Botol 1 L,23100,1 L,100,A7086400001154,alternative,brand differs; keyword overlap
Hemart Minyak Goreng Botol 2 L,alfagift,Tropical Minyak Goreng Kelapa Sawit Botol 2 L,45400,2 L,100,A7129250000985,alternative,brand differs; keyword overlap
Rose Brand Gula Kristal Putih 1 kg,alfagift,Rose Brand Gula Pasir Kristal Putih Premium 1 kg,17500,1 kg,100,A09170277363,exact,brand and size match
Cap Gajah Gula Batu 500 g,alfagift,Alfamart Gula Batu 250 g,11800,250 g,81,A09170277305,alternative,brand differs; size differs; keyword overlap
Nusakita Gula Merah Bubuk 250 g,alfagift,Mahorahora Gula Aren Bubuk Murni 200 g,20300,200 g,75,A8171600002167,alternative,brand differs; size differs; keyword overlap
Rose Brand Tepung Beras 500 g,alfagift,Rose Brand Tepung Beras Putih 500 g,13900,500 g,100,A28090001679,exact,brand and size match
Gunung Agung Tepung Tapioka 500 g,alfagift,Cap Pak Tani Gunung Tepung Tapioka 500 g,13600,500 g,100,A7503400001001,alternative,brand differs; keyword overlap
Maizenaku Tepung Maizena 150 g,alfagift,MamaSuka Tepung Maizena 150 g,5600,150 g,100,A7516790001001,alternative,brand differs; keyword overlap
Kunci Biru Tepung Terigu Protein Rendah 1 kg,alfagift,Kunci Biru Tepung Terigu 1 kg,14600,1 kg,100,A28090001678,alternative,keyword overlap
Bola Deli Tepung Serbaguna 1 kg,alfagift,Sania Tepung Terigu Serbaguna 1 kg,13400,1 kg,97,A7033430001292,alternative,brand differs; keyword overlap
Kobe Tepung Bumbu Serbaguna 210 g,alfagift,Racik Tepung Bumbu Serbaguna 210 g,6800,210 g,100,A7934020002167,alternative,brand differs; keyword overlap
Blue Band Margarin Serbaguna 200 g,alfagift,Blue Band Serbaguna Margarin 200 g,9900,200 g,100,A7404900002168,exact,brand and size match
Blue Band Margarin Serbaguna 1 kg,alfagift,Blue Band 5 In1 Serbaguna Margarin 190 g,6900,190 g,97,A8283270002167,alternative,size differs; keyword overlap
F&N Susu Evaporasi 380 g,alfagift,SunBay Susu Evaporasi Kaleng 380 g,15800,380 g,100,A7710730002167,alternative,brand differs; keyword overlap
Carnation Susu Evaporasi 405 g,alfagift,Carnation Susu Masakan Evaporasi Kaleng 405 g,16900,405 g,100,A7900460002167,exact,brand and size match
Indomilk Krimer Kental Manis 370 g,alfagift,Indomilk Krimer Kental Manis Putih 370 g,11000,370 g,100,A13300001011,exact,brand and size match
Omela Krimer Kental Manis 370 g,alfagift,Omela Krimer Kental Manis 370 g,12100,370 g,100,A13300001203,exact,brand and size match
Peternak Lokal Telur Ayam Negeri 10 pcs,alfagift,Alfamart Telur Ayam Negeri,2500,10 pcs,100,A7602610001310,alternative,brand differs; keyword overlap
Kellogg's Corn Flakes Sereal Jagung 150 g,alfagift,Nestle Sereal Gold Corn Flakes Box 150 g,17500,150 g,91,A8275020002167,alternative,brand differs; keyword overlap
TJ Madu Murni 150 g,alfagift,Tresno Joyo Madu TJ Murni Botol 150 g,28700,150 g,100,A10560002851,exact,brand and size match
TJ Madu Murni 250 g,alfagift,Nusantara Madu Murni Botol 250 ml,56800,250 ml,100,A10560005799,alternative,brand differs; size unavailable; keyword overlap
Skippy Selai Kacang 340 g,alfagift,Noccio Selai Kacang Creamy 340 g,44900,340 g,100,A7839810002167,alternative,brand differs; keyword overlap
Nutella Selai Cokelat Hazelnut 200 g,alfagift,Morin Selai Cokelat Kacang 150 g,30200,150 g,73,A10510006090,alternative,brand differs; size differs; keyword overlap
Morin Selai Stroberi 170 g,alfagift,Morin Selai Stroberi 170 g,28000,170 g,100,A10510006089,exact,brand and size match
Kraft Keju Cheddar 165 g,alfagift,Kraft Keju Cheddar Mini 30 g,6200,30 g,100,A09320052026,alternative,size differs; keyword overlap
Kraft Keju Slice 10 slices,alfagift,Prochiz Slices Keju Cheddar Lembaran 10 s,11700,10 slices,86,A09320052037,alternative,brand differs; keyword overlap
Maestro Mayones Original 180 g,alfagift,Kewpie Mayones Original 70 g,4900,70 g,86,A7709200002167,alternative,brand differs; size differs; keyword overlap
Maestro Mayones Original 1 kg,alfagift,Mayumi Saus Mayones Original 1 kg,57500,1 kg,100,A8112110002167,alternative,brand differs; keyword overlap
Mie Sedaap Mie Goreng Original 90 g,alfagift,Gaga Mi Goreng Instan Indonesia Original 88 g,2600,88 g,83,A8113970002167,alternative,brand differs; size differs; keyword overlap
Mie Sedaap Mie Soto 75 g,alfagift,Sedaap Mi Instan Soto 75 g,3000,75 g,100,A09430001735,alternative,brand differs; keyword overlap
Mie Sedaap Mie Kari Spesial 75 g,alfagift,Sedaap Mi Instan Kari Spesial 75 g,3000,75 g,100,A09430001733,alternative,brand differs; keyword overlap
Mie Sedaap Mie Ayam Bawang 70 g,alfagift,Sedaap Mi Instan Ayam Bawang 70 g,3000,70 g,100,A09430002319,alternative,brand differs; keyword overlap
Mie Sedaap Mie Goreng Korean Spicy Chicken 87 g,alfagift,Sedaap Mi Instan Goreng Selection Korean Ayam Pedas 87 g,3100,87 g,100,A7059060001114,alternative,brand differs; keyword overlap
Supermi Mie Ayam Bawang 70 g,alfagift,Pop Mie Mi Instan Cup Ayam Bawang 12 x 40 g - Karton,38500,40 g,88,A8248440002167,alternative,brand differs; size differs; keyword overlap
Sarimi Mie Ayam Bawang 70 g,alfagift,Indomie Mi Instan Ayam Bawang 69 g,3100,69 g,87,A03350000153,alternative,brand differs; size differs; keyword overlap
Sarimi Mie Soto Koya 75 g,alfagift,Indomie Mi Instan Soto Koya Nagih 76 g,3100,76 g,82,A8249970002167,alternative,brand differs; size differs; keyword overlap
Sarimi Mie Goreng Isi 2 125 g,alfagift,Sarimi Isi 2 Mi Instan Goreng Ayam Kecap 126 g,4300,126 g,100,A09430004362,alternative,size differs; keyword overlap
Lemonilo Mie Goreng Jalapeno 80 g,alfagift,Gaga 100 Ekstra Pedas Mie Instan Goreng Jalapeno 85 g,3900,85 g,90,A6874710001022,alternative,brand differs; size differs; keyword overlap
Gaga 100 Mie Goreng Pedas 85 g,alfagift,Gaga 100 Ekstra Pedas Mi Instan Goreng Lada Hitam 85 g,3400,85 g,100,A8173280002167,exact,brand and size match
Gaga 100 Mie Kuah Jalapeno 75 g,alfagift,Gaga 100 Ekstra Pedas Mie Instan Kuah Jalapeno 75 g,3900,75 g,100,A6874700001022,exact,brand and size match
Pop Mie Mie Cup Rasa Baso 75 g,alfagift,Pop Mie Lapeer Time Mi Instan Cup Bakso 75 g,5900,75 g,100,A09430006006,alternative,keyword overlap
Pop Mie Mie Cup Rasa Soto Ayam 75 g,alfagift,Pop Mie Lapeer Time Mi Instan Cup Soto Ayam 75 g,5900,75 g,100,A09430000367,alternative,keyword overlap
Pop Mie Mie Cup Goreng Pedas 80 g,alfagift,Pop Mie Mi Instan Cup Goreng Pedes Gledeek Ayam Pedas 75 g,5900,75 g,100,A6898760001037,alternative,size differs; keyword overlap
Sedaap Cup Mie Cup Kari Ayam 81 g,alfagift,Pop Mie Lapeer Time Mi Instan Cup Kari Ayam 75 g,5900,75 g,91,A09430003940,alternative,brand differs; size differs; keyword overlap
Sedaap Cup Mie Cup Baso Spesial 77 g,alfagift,Sedaap Mi Instan Cup Rawit Bingit Bakso Bleduk 77 g,5500,77 g,89,A7757690002167,alternative,brand differs; keyword overlap
Bihunku Bihun Goreng Instan 60 g,alfagift,Bihunku Bihun Instan Goreng 60 g,4500,60 g,100,A09430001966,exact,brand and size match
Bihunku Bihun Kuah Instan 55 g,alfagift,Super Bihun Instan Kuah Ayam 51 g,6000,51 g,90,A7496330001001,alternative,brand differs; size differs; keyword overlap
Burung Dara Mie Telur 200 g,alfagift,Cap 3 Ayam Mi Telur Pipih 200 g,5800,200 g,78,A09430002045,alternative,brand differs; keyword overlap
La Fonte Spaghetti 225 g,alfagift,La Fonte Spageti 225 g,7900,225 g,100,A11380001861,exact,brand and size match
La Fonte Spaghetti 450 g,alfagift,San Remo Pasta Instan Spageti 500 g,24900,500 g,61,A7690180001014,alternative,brand differs; size differs; keyword overlap
La Fonte Saus Pasta Bolognese 315 g,alfagift,La Fonte Saus Pasta Bolognese 315 g,18500,315 g,100,A09600002181,exact,brand and size match
Super Bubur Bubur Ayam Instan 45 g,alfagift,Super Bubur Instan Ayam 45 g,4200,45 g,100,A11260004754,exact,brand and size match
Super Bubur Bubur Ayam Instan 240 g,alfagift,Milna Bubur Bayi Instan Tim Hati Ayam Bayam 100 g,19500,100 g,91,A7832850002167,alternative,brand differs; size differs; keyword overlap
Energen Bubur Kacang Hijau Instan 30 g,alfagift,Nestle Cerelac Bubur Bayi Sereal Instant Kacang Hijau 120 g,12400,120 g,81,A06060006809,alternative,brand differs; size differs; keyword overlap
Energen Sereal Minuman Cokelat 29 g,alfagift,Energen Minuman Sereal Cokelat 10 x 30 g,29100,30 g,100,A03350000131,alternative,size differs; keyword overlap
Energen Sereal Minuman Vanila 29 g,alfagift,Energen Minuman Sereal Vanilla 10 x 29 g,27100,29 g,100,A03350000133,exact,brand and size match
Energen Sereal Minuman Kacang Hijau 30 g,alfagift,Energen Minuman Sereal Kacang Hijau 10 x 30 g,29100,30 g,100,A11280809217,exact,brand and size match
Maya Sarden Saus Tomat 155 g,alfagift,Botan Sarden Saus Tomat Kaleng 155 g,13500,155 g,100,A8362980002167,alternative,brand differs; keyword overlap
Maya Sarden Saus Tomat 425 g,alfagift,ABC Sarden Saus Tomat 425 g,25200,425 g,100,A11640002271,alternative,brand differs; keyword overlap
Botan Sarden Saus Cabai 155 g,alfagift,Fiesta Seafood Sarden Saus Cabai Kaleng 155 g,10700,155 g,100,A8136290002167,alternative,brand differs; keyword overlap
Botan Sarden Saus Tomat 425 g,alfagift,Botan Sarden Mackerel Saus Tomat Kaleng 425 g,42500,425 g,100,A11640001701,exact,brand and size match
Pronas Kornet Sapi 198 g,alfagift,PRONAS Kornet Daging Sapi Kaleng 198 g,29900,198 g,100,A11550042101,exact,brand and size match
Pronas Kornet Sapi 340 g,alfagift,Pronas Kornet Daging Sapi dengan Jamur Kaleng 340 g,37500,340 g,100,A8119000002167,exact,brand and size match
Royale Sup Krim Jagung 58 g,alfagift,Promina Sup Krim Bayi Rasa Jagung & Ayam 30 g,8000,30 g,89,A8343900002167,alternative,brand differs; size differs; keyword overlap
Royale Sup Krim Ayam 58 g,alfagift,MamaSuka Sup Krim Ayam 55 g,8500,55 g,87,A7693080002167,alternative,brand differs; size differs; keyword overlap
Kokita Nasi Goreng Instan 250 g,alfagift,Sajiku Bumbu Instan Nasi Goreng Ayam 20 g,2400,20 g,90,A28120002122,alternative,brand differs; size differs; keyword overlap
BonCabe Abon Sapi 50 g,alfagift,Bumboo Abon Sapi 90 g,36900,90 g,82,A8352510002167,alternative,brand differs; size differs; keyword overlap
Mr Bread Roti Tawar Gandum 350 g,alfagift,Sari Roti Tawar Gandum 350 g,22000,350 g,100,A10480000009,alternative,brand differs; keyword overlap
Mr Bread Roti Tawar Kupas 350 g,alfagift,Sari Roti Tawar Kupas 200 g,16500,200 g,92,A10480000001,alternative,brand differs; size differs; keyword overlap
Mr Bread Roti Sobek Cokelat 250 g,alfagift,Sari Roti Sobek Cokelat 214 g,18000,214 g,94,A10480000015,alternative,brand differs; size differs; keyword overlap
Aoka Roti Krim Cokelat 60 g,alfagift,Sari Roti ZuperrCreamy Sandwich Isi Krim Cokelat 45 g,5000,45 g,95,A8024520002167,alternative,brand differs; size differs; keyword overlap
Aoka Roti Krim Keju 60 g,alfagift,Sari Roti ZuperrCreamy Isi Krim Keju 55 g,5500,55 g,92,A10480000002,alternative,brand differs; size differs; keyword overlap
Refina Garam Meja Beryodium 500 g,alfagift,Refina Garam Meja Beriodium Refill 500 g,11300,500 g,100,A09130001977,exact,brand and size match
Natural Farm Garam Himalaya 250 g,alfagift,Pura Garam Himalaya dengan Lada Hitam 125 g,45000,125 g,79,A7864420002167,alternative,brand differs; size differs; keyword overlap
Ajinomoto MSG Penyedap 50 g,alfagift,Ajinomoto Umami Bumbu Penyedap Rasa MSG 250 g,16000,250 g,100,A7549200001001,alternative,size differs; keyword overlap
Indofood Bumbu Racik Ayam Goreng 26 g,alfagift,Indofood Racik Bumbu Instan Ayam Goreng 25 g,2300,25 g,100,A28120809168,alternative,size differs; keyword overlap
Indofood Bumbu Racik Sayur Sop 20 g,alfagift,Indofood Racik Bumbu Instan Nasi Goreng Spesial Sosis 3 x 20 g,5900,20 g,100,A7671840001131,alternative,keyword overlap
Kokita Bumbu Nasi Goreng Pedas 60 g,alfagift,Sajiku Bumbu Instan Nasi Goreng Pedas 20 g,2500,20 g,95,A28120002123,alternative,brand differs; size differs; keyword overlap
Kokita Bumbu Rendang 350 g,alfagift,Royco Bumbu Instan Rendang 45 g,5000,45 g,82,A8320630002167,alternative,brand differs; size differs; keyword overlap
Bamboe Bumbu Opor 35 g,alfagift,"Desaku Bumbu Opor 12,5 g",2800,"12,5 g",79,A7863590002167,alternative,brand differs; size differs; keyword overlap
Bamboe Bumbu Rawon 54 g,alfagift,bamboe Bumbu Instan Rawon 54 g,12500,54 g,100,A7503410001001,exact,brand and size match
Bamboe Bumbu Soto Ayam 40 g,alfagift,Royco Bumbu Instan Soto Ayam 40 g,5500,40 g,100,A8319910002167,alternative,brand differs; keyword overlap
Bamboe Bumbu Gulai 54 g,alfagift,"Desaku Bumbu Gulai Padang 12,5 g",2800,"12,5 g",80,A7863600002167,alternative,brand differs; size differs; keyword overlap
Sasa Santan Kelapa Instan 65 ml,alfagift,Sasa Santan Kelapa Cair 65 ml,4800,65 ml,100,A12940643282,alternative,keyword overlap
Sasa Santan Kelapa Instan 200 ml,alfagift,Sasa Santan Kelapa Cair 200 ml,15500,200 ml,100,A6859590001022,alternative,keyword overlap
Sasa Santan Bubuk 23 g,alfagift,Sasa Santan Kelapa Bubuk 20 g,3000,20 g,100,A28120160037,alternative,size differs; keyword overlap
Sajiku Tepung Bumbu Ayam Crispy 80 g,alfagift,Sasa Tepung Bumbu Ala Kentucky Ayam Krispi 200 g,7700,200 g,83,A09580040271,alternative,brand differs; size differs; keyword overlap
Sajiku Tepung Bumbu Serbaguna 225 g,alfagift,Sajiku Tepung Bumbu Serbaguna 210 g,8200,210 g,100,A28090003216,alternative,size differs; keyword overlap
Sasa Tepung Bumbu Bakwan 100 g,alfagift,Sasa Tepung Bumbu Bakwan Spesial 210 g,7700,210 g,100,A28090005076,alternative,size differs; keyword overlap
Sasa Tepung Bumbu Pisang Goreng 225 g,alfagift,Sasa Tepung Bumbu Pisang Goreng Vanila 210 g,7700,210 g,100,A28090005577,alternative,size differs; keyword overlap
Kobe Tepung Bumbu Kentucky 210 g,alfagift,Kobe Super Crispy Tepung Bumbu Kentucky 200 g,7500,200 g,100,A28090001776,alternative,size differs; keyword overlap
Kobe Breadcrumbs Tepung Panir 200 g,alfagift,Kobe Tepung Roti Crispy 200 g,10900,200 g,95,A7747870002167,alternative,keyword overlap
Antaka Bumbu Tabur Keju 100 g,alfagift,Little Joy Bumbu Tabur MPASI Red Bean Cheese & Beef Sachet 10 x 2.2 g,40500,2.2 g,70,A8125110002167,alternative,brand differs; size differs; keyword overlap
Saori Saus Tiram 135 ml,alfagift,Royco Saus Tiram Botol 135 ml,11300,135 ml,100,A7708210002167,alternative,brand differs; keyword overlap
Saori Saus Tiram 270 ml,alfagift,Saori Saus Oriental Saus Tiram Botol 270 ml,23500,270 ml,100,A7761060002167,exact,brand and size match
Saori Saus Teriyaki 135 ml,alfagift,Saori Saus Oriental Saus Teriyaki Botol 135 ml,10900,135 ml,100,A09600001868,exact,brand and size match
Saori Saus Lada Hitam 135 ml,alfagift,Saori Saus Oriental Lada Hitam Botol 133 ml,10900,133 ml,100,A7474340001001,alternative,size differs; keyword overlap
Djoe Hoa Kecap Ikan 150 ml,alfagift,Finna Kecap Ikan Cap Kerang Botol 200 ml,17500,200 ml,75,A7880410000993,alternative,brand differs; size differs; keyword overlap
Cap Angsa Kecap Asin 140 ml,alfagift,Kecap Asin Cap Hati Angsa Botol 275 ml,14500,275 ml,100,A7847370002167,alternative,brand differs; size differs; keyword overlap
Sedaap Kecap Manis 225 ml,alfagift,Sedaap Kecap Manis Refill 280 g,7500,280 g,100,A8065810002167,alternative,size unavailable; keyword overlap
Sedaap Kecap Manis 520 ml,alfagift,Sedaap Kecap Manis 700 g,15500,700 g,100,A09600002024,alternative,size unavailable; keyword overlap
Tropicana Slim Kecap Manis 200 ml,alfagift,Tropicana Slim Kecap Manis Bebas Gula Botol 200 ml,34900,200 ml,100,A7662780000993,exact,brand and size match
Dua Belibis Saus Sambal 335 ml,alfagift,Dua Belibis Saus Cabe Botol 335 ml,24900,335 ml,100,A09600005803,exact,brand and size match
Dua Belibis Saus Sambal 135 ml,alfagift,Del Monte Saus Sambal Ekstra Pedas Botol 135 ml,7600,135 ml,99,A7764670002167,alternative,brand differs; keyword overlap
Del Monte Saus Tomat 340 g,alfagift,Del Monte Ketchup Saus Tomat Sachet 24 x 8 g,6800,8 g,100,A7873780002167,alternative,size differs; keyword overlap
Del Monte Saus Tomat 200 g,alfagift,Del Monte Saus Tomat Botol 265 ml,10400,265 ml,100,A7474320001001,alternative,size unavailable; keyword overlap
Del Monte Saus Cabai 340 g,alfagift,ABC Sarden Saus Cabai 425 g,25200,425 g,76,A11640002228,alternative,brand differs; size differs; keyword overlap
Maestro Saus Mayonnaise 180 g,alfagift,Mayumi Saus Mayones Pedas 100 g,7500,100 g,67,A7711690002167,alternative,brand differs; size differs; keyword overlap
Heinz Cuka Apel 473 ml,alfagift,Finega Cuka Apel 250 ml,52500,250 ml,79,A8289150002167,alternative,brand differs; size differs; keyword overlap
Lee Kum Kee Minyak Wijen 207 ml,alfagift,Lee Kum Kee Minyak Wijen Murni 207 ml,63700,207 ml,100,A7668000000993,exact,brand and size match
Bertolli Minyak Zaitun Extra Virgin 250 ml,alfagift,Bertolli Minyak Zaitun Ekstra Virgin 250 ml,74500,250 ml,100,A7689300002167,exact,brand and size match
Koepoe Koepoe Baking Powder 45 g,alfagift,Koepoe Koepoe Baking Powder Pengembang Kue 45 g,6200,45 g,100,A7581350001001,exact,brand and size match
Koepoe Koepoe Soda Kue 81 g,alfagift,Koepoe Koepoe Soda Kue 81 g,5100,81 g,100,A7581340001001,exact,brand and size match
Swallow Globe Agar-Agar Plain 7 g,alfagift,Swallow Globe Tepung Agar-Agar Plain 7 g,5400,7 g,100,A6895890001022,exact,brand and size match
Swallow Globe Agar-Agar Merah 7 g,alfagift,Swallow Globe Tepung Agar-Agar Merah 7 g,5400,7 g,100,A6895880001022,exact,brand and size match
Nabati Wafer Krim Keju 50 g,alfagift,nabati Richeese Wafer Krim Keju 75 g,7000,75 g,100,A10210005405,alternative,size differs; keyword overlap
Nabati Wafer Krim Keju 145 g,alfagift,nabati Richeese Wafer Krim Keju 110 g,9800,110 g,100,A10212062405,alternative,size differs; keyword overlap
Nabati Wafer Krim Cokelat 50 g,alfagift,nabati Richoco Wafer Krim Cokelat 110 g,9800,110 g,100,A10090633908,alternative,size differs; keyword overlap
Nabati Wafer Krim Cokelat 145 g,alfagift,nabati Richoco Bites Wafer Krim Cokelat 115 g,11900,115 g,100,A10210007700,alternative,size differs; keyword overlap
Richeese Snack Keju 68 g,alfagift,nabati Ahh Richeese Snack Keju 10 x 3 g,8500,3 g,100,A8108630002167,alternative,size differs; keyword overlap
Khong Guan Biskuit Crackers 200 g,alfagift,Khong Guan Saltcheese Crackers 200 g,13300,200 g,100,A10160000400,exact,brand and size match
Khong Guan Biskuit Assorted 650 g,alfagift,Khong Guan Assorted Biskuit 300 g,21800,300 g,100,A10160000634,alternative,size differs; keyword overlap
Nissin Biskuit Malkist 130 g,alfagift,Roma Malkist Crackers Keju Manis 90 g,10200,90 g,58,A6868310001022,alternative,brand differs; size differs; keyword overlap
Nissin Biskuit Lemonia 130 g,alfagift,Nissin Lemonia Cookies 130 g,8900,130 g,100,A10160000597,alternative,keyword overlap
Monde Biskuit Kelapa 140 g,alfagift,Roma Biskuit Krim Kelapa 174 g,12900,174 g,87,A7480060001001,alternative,brand differs; size differs; keyword overlap
Monde Biskuit Butter Cookies 454 g,alfagift,Monde Cookies Mentega Biru Kaleng 454 g,79900,454 g,93,A10160000234,alternative,keyword overlap
Slai O'lai Biskuit Slai O'lai Stroberi 128 g,alfagift,Slai O'lai Biskuit Selai Stroberi 128 g,8800,128 g,100,A10160000080,exact,brand and size match
Nextar Biskuit Sandwich Cokelat 112 g,alfagift,Roma Biskuit Sandwich Cokelat 157 g,10800,157 g,97,A6794690001008,alternative,brand differs; size differs; keyword overlap
Nextar Biskuit Nastar 112 g,alfagift,Nextar Nastar Cookies Selai Nanas 8 x 11.25 g,9800,11.25 g,76,A10161176252,alternative,size differs; keyword overlap
Regal Biskuit Marie Susu 230 g,alfagift,Milku Susu UHT Cair Marie Biskuit Botol 200 ml,3700,200 ml,95,A8337260002167,alternative,brand differs; size unavailable; keyword overlap
Regal Biskuit Marie Susu 120 g,alfagift,Cimory Susu UHT Biskuit Marie 250 ml,7800,250 ml,95,A7676610001008,alternative,brand differs; size unavailable; keyword overlap
Ritz Crackers Original 100 g,alfagift,Ritz Crackers Original 100 g,8600,100 g,100,A8047640002167,alternative,keyword overlap
Chiki Snack Balls Keju 55 g,alfagift,Chiki Balls Makanan Ringan Crafty Cheese 50 g,7200,50 g,70,A7301220001001,alternative,size differs; keyword overlap
Momogi Snack Jagung Bakar 20 g,alfagift,Momogi Makanan Ringan Stik Jagung Bakar 10 x 11 g,10500,11 g,95,A8281500002167,alternative,size differs; keyword overlap
Momogi Snack Jagung Keju 20 g,alfagift,Omo Crunch It Camilan Anak Jagung Bakar Keju Pouch 25 g,19900,25 g,74,A8153730001375,alternative,brand differs; size differs; keyword overlap
Pringles Keripik Kentang Original 107 g,alfagift,Pringles Keripik Kentang Original Kaleng 42 g,9900,42 g,100,A10040005004,alternative,size differs; keyword overlap
Pringles Keripik Kentang Sour Cream 107 g,alfagift,Pringles Keripik Kentang Sour Cream & Onion Kaleng 42 g,9900,42 g,100,A10040006819,alternative,size differs; keyword overlap
Piattos Keripik Kentang BBQ 68 g,alfagift,Potato-Q Keripik Kentang Rasa Korean BBQ 50 g,7500,50 g,91,A8298020002167,alternative,brand differs; size differs; keyword overlap
Piattos Keripik Kentang Rumput Laut 68 g,alfagift,Chitato Lite Keripik Kentang Rumput Laut 68 g,12600,68 g,100,A7696510002167,alternative,brand differs; keyword overlap
Kusuka Keripik Singkong Balado 60 g,alfagift,Oops Keripik Singkong Balado 60 g,6000,60 g,100,A8018150002167,alternative,brand differs; keyword overlap
Kusuka Keripik Singkong Original 60 g,alfagift,KuSuka Keripik Singkong Original 180 g,17800,180 g,100,A10040005437,alternative,size differs; keyword overlap
Dua Kelinci Kacang Atom 100 g,alfagift,garuda Kacang Atom Pedas 100 g,11300,100 g,99,A10000002195,alternative,brand differs; keyword overlap
Dua Kelinci Kacang Sukro Original 140 g,alfagift,Dua Kelinci Sukro Kacang Atom Original 95 g,11100,95 g,100,A10000006414,alternative,size differs; keyword overlap
Dua Kelinci Kacang Kulit 200 g,alfagift,Dua Kelinci Kacang Kulit Garing 75 g,7200,75 g,100,A10000002035,alternative,size differs; keyword overlap
Dua Kelinci Kacang Polong 80 g,alfagift,Miaow-Miaow Camilan Kacang Polong Hijau 50 g,9900,50 g,79,A8345780002167,alternative,brand differs; size differs; keyword overlap
Rebo Kuaci Original 70 g,alfagift,Rebo Kuaci Biji Bunga Matahari Original 120 g,13900,120 g,100,A10000003624,alternative,size differs; keyword overlap
Rebo Kuaci Green Tea 70 g,alfagift,Rebo Kuaci Biji Bunga Matahari Green Tea 120 g,13900,120 g,100,A7086450001154,alternative,size differs; keyword overlap
Tao Kae Noi Rumput Laut Original 32 g,alfagift,Tao Kae Noi Rumput Laut Krispi Original 15 g,22300,15 g,100,A09870002227,alternative,size differs; keyword overlap
Tao Kae Noi Rumput Laut Spicy 32 g,alfagift,Tao Kae Noi Big Sheet Rumput Laut Krispi Pedas 3.2 g,5400,3.2 g,98,A09870892929,alternative,size differs; keyword overlap
SilverQueen Cokelat Almond 58 g,alfagift,SilverQueen Chunky Bar Cokelat Almond 26 g,8900,26 g,100,A7885590001055,alternative,size differs; keyword overlap
SilverQueen Cokelat Cashew 58 g,alfagift,SilverQueen Chunky Bar Cokelat Cashew 26 g,8900,26 g,100,A11870003753,alternative,size differs; keyword overlap
SilverQueen Cokelat Chunky Bar 100 g,alfagift,SilverQueen Chunky Bar Cokelat Cashew 82 g,26200,82 g,100,A11870002020,alternative,size differs; keyword overlap
Cadbury Cokelat Dairy Milk 62 g,alfagift,Cadbury Dairy Milk Cokelat Susu Cashew Nut 22 g,9100,22 g,100,A11871618469,alternative,size differs; keyword overlap
Cadbury Cokelat Dairy Milk Cashew 62 g,alfagift,Cadbury Dairy Milk Cokelat Susu Cashew Nut 52 g,18500,52 g,100,A11871618470,alternative,size differs; keyword overlap
KitKat Cokelat KitKat 4 Finger 35 g,alfagift,KitKat Original Cokelat Wafer Batang 4F 35 g,14200,35 g,100,A11870004763,alternative,keyword overlap
KitKat Cokelat KitKat Chunky 38 g,alfagift,KitKat Chunky Original Snack Cokelat Wafer Batang 38 g,12700,38 g,100,A11871618471,exact,brand and size match
Cha Cha Cokelat Cha Cha Milk 35 g,alfagift,Chacha Cokelat Susu 35 g,11800,35 g,92,A11870004229,alternative,brand differs; keyword overlap
Fisherman's Friend Permen Mint 25 g,alfagift,Fisherman's Friend Permen Sugar Free Mint 22 g,23000,22 g,100,A11910001579,alternative,size differs; keyword overlap
Relaxa Permen Relaxa Barley Mint 125 g,alfagift,Relaxa Permen Wangi Barley Mint 108 g,6900,108 g,100,A11910001555,alternative,size differs; keyword overlap
Mentos Permen Mentos Mint 37 g,alfagift,mentos Permen Mint Roll 37 g,4700,37 g,100,A11910001151,exact,brand and size match
Yupi Permen Yupi Burger 96 g,alfagift,Yupi Permen Gummy Big Burger 32 g,5000,32 g,100,A8114380002167,alternative,size differs; keyword overlap
Wall's Es Krim Cup Vanilla 90 ml,alfagift,Campina Happy Cow Es Krim Vanila Cup 85 ml,9200,85 ml,70,A10980005336,alternative,brand differs; size differs; keyword overlap
Aice Es Krim Mochi Vanilla 40 g,alfagift,Wall's Paddle Pop Es Krim Mochi Cokelat Vanila 45 ml,3400,45 ml,79,A7792940002167,alternative,brand differs; size unavailable; keyword overlap
Le Minerale Air Mineral 600 ml,alfagift,Le Minerale Air Mineral Botol 600 ml,4000,600 ml,100,A12460990365,exact,brand and size match
Le Minerale Air Mineral 1.5 L,alfagift,Le Minerale Air Mineral Botol 1.5 L,7100,1.5 L,100,A6790930001073,exact,brand and size match
Cleo Air Mineral 550 ml,alfagift,Vit Air Mineral Botol 550 ml,3200,550 ml,100,A7668820001073,alternative,brand differs; keyword overlap
Cleo Air Mineral 1.5 L,alfagift,Vit Air Mineral Botol 1.5 L,4800,1.5 L,100,A12460005158,alternative,brand differs; keyword overlap
Club Air Mineral 600 ml,alfagift,Alfamart Air Mineral Botol 600 ml,2500,600 ml,100,A7987110002167,alternative,brand differs; keyword overlap
Club Air Mineral 1.5 L,alfagift,Alfamart Air Mineral Botol 1.5 L,5500,1.5 L,100,A7987120002167,alternative,brand differs; keyword overlap
Vit Air Mineral 550 ml,alfagift,Aquviva Air Mineral 700 ml,3800,700 ml,87,A8272590002167,alternative,brand differs; size differs; keyword overlap
Nestle Pure Life Air Mineral 600 ml,alfagift,Nestle Pure Life Air Mineral Botol 600 ml,4400,600 ml,100,A12460006981,exact,brand and size match
Le Minerale Air Mineral Galon 15 L,alfagift,Le Minerale Air Mineral Galon 15 L,23600,15 L,100,A7540620001001,exact,brand and size match
Cleo Air Mineral Galon 19 L,alfagift,Vit Air Mineral Galon (Isi Ulang) 19 L,17100,19 L,100,A7555210001073,alternative,brand differs; keyword overlap
Teh Pucuk Harum Teh Melati Botol 350 ml,alfagift,Pokka Minuman Teh Hijau Melati Botol 450 ml,8900,450 ml,89,A8304590002167,alternative,brand differs; size differs; keyword overlap
Teh Pucuk Harum Teh Melati Botol 500 ml,alfagift,Frestea Minuman Teh Rasa Melati Botol 1.5 L,15900,1.5 L,75,A7356430001001,alternative,brand differs; size differs; keyword overlap
Frestea Teh Apel Botol 350 ml,alfagift,Frestea Minuman Teh Rasa Apel Botol 350 ml,4900,350 ml,100,A12790040894,exact,brand and size match
Nu Green Tea Teh Hijau Madu 450 ml,alfagift,NU Green Tea Madu 450 ml,7200,450 ml,100,A12790002883,exact,brand and size match
Nu Green Tea Teh Hijau Original 450 ml,alfagift,NU Green Tea Original Pet 330 ml,5100,330 ml,90,A6353060001086,alternative,size differs; keyword overlap
Ichitan Milk Tea 310 ml,alfagift,Ichitan Thai Milk Tea Pet 300 ml,9500,300 ml,100,A6391660001086,alternative,size differs; keyword overlap
Ichitan Thai Milk Tea 310 ml,alfagift,Ichitan Thai Minuman Teh Hijau Susu Pet 300 ml,9500,300 ml,83,A7271980001077,alternative,size differs; keyword overlap
Fruit Tea Fruit Tea Apple 350 ml,alfagift,Fruit Tea Minuman Teh Apel 350 ml,4200,350 ml,100,A12790040880,alternative,keyword overlap
Fruit Tea Fruit Tea Blackcurrant 350 ml,alfagift,Fruit Tea Minuman Teh Blackcurrant 350 ml,4200,350 ml,100,A12790040881,exact,brand and size match
Floridina Minuman Jeruk Florida 350 ml,alfagift,Floridina Coco Minuman Jeruk Florida 350 ml,3700,350 ml,100,A7664650002167,exact,brand and size match
Mizone Minuman Isotonik 500 ml,alfagift,Mizone Minuman Isotonik Cocoboost 500 ml,7200,500 ml,100,A8263970002167,exact,brand and size match
Mizone Minuman Isotonik Lychee Lemon 500 ml,alfagift,Mizone Activ Minuman Isotonik Lemon Leci 500 ml,7200,500 ml,100,A7071790001084,exact,brand and size match
Hydro Coco Air Kelapa 250 ml,alfagift,Hydro Coco Minuman Air Kelapa Original 250 ml,9000,250 ml,100,A12890003851,exact,brand and size match
Hydro Coco Air Kelapa 500 ml,alfagift,Hydro Coco Minuman Air Kelapa Original 500 ml,16300,500 ml,100,A12890006384,exact,brand and size match
Coca-Cola Minuman Soda 390 ml,alfagift,Coca-Cola Zero Sugar Minuman Soda Kola Vanila Bebas Gula 390 ml,6000,390 ml,100,A8331620002168,exact,brand and size match
Coca-Cola Minuman Soda 1.5 L,alfagift,Coca-Cola Original Minuman Soda Rasa Kola Botol 1.5 L,8400,1.5 L,100,A12700006001,exact,brand and size match
Sprite Minuman Soda Lemon 390 ml,alfagift,Sprite Zero Minuman Soda Rasa Lemon Jeruk Nipis Bebas Gula Botol 390 ml,6300,390 ml,100,A7967860002167,exact,brand and size match
Sprite Minuman Soda Lemon 1.5 L,alfagift,Sprite Original Minuman Soda Rasa Lemon Jeruk Nipis Botol 1.5 L,8400,1.5 L,100,A12700003254,exact,brand and size match
Fanta Minuman Soda Stroberi 390 ml,alfagift,Fanta Minuman Soda Rasa Stroberi Botol 390 ml,6300,390 ml,100,A12700046058,exact,brand and size match
Fanta Minuman Soda Stroberi 1.5 L,alfagift,Fanta Minuman Soda Rasa Stroberi Botol 1.5 L,8400,1.5 L,100,A12700003291,exact,brand and size match
Yeos Minuman Cincau Kaleng 300 ml,alfagift,Cap Panda Minuman Cincau Hijau Kaleng 310 ml,7600,310 ml,96,A8350840002167,alternative,brand differs; size differs; keyword overlap
Pokka Teh Oolong Kaleng 300 ml,alfagift,Pokka Minuman Teh Oolong 300 ml,8500,300 ml,100,A7774940002167,alternative,keyword overlap
Lasegar Minuman Penyegar 320 ml,alfagift,Lasegar Twist Minuman Penyegar Leci Lemon 320 ml,4900,320 ml,100,A7966050002167,exact,brand and size match
Buavita Jus Jeruk 250 ml,alfagift,Buavita Jus Jeruk 245 ml,7500,245 ml,100,A7764390002167,alternative,size differs; keyword overlap
Buavita Jus Jambu 250 ml,alfagift,ABC Jus Jambu 250 ml,8000,250 ml,100,A7910490002167,alternative,brand differs; keyword overlap
Buavita Jus Mangga 250 ml,alfagift,Buavita Jus Buah Asli Mangga 245 ml,7500,245 ml,100,A12520002773,alternative,size differs; keyword overlap
Yakult Minuman Susu Fermentasi 5 pcs,alfagift,Yakult Minuman Susu Fermentasi 5 x 65 ml,11600,65 ml,100,A12740007427,alternative,size unavailable; keyword overlap
Cimory Yogurt Drink Blueberry 250 ml,alfagift,Cimory Minuman Yogurt Tanpa Gula Tambahan Blueberry 240 ml,7900,240 ml,100,A8312210002167,alternative,size differs; keyword overlap
Cimory Yogurt Drink Strawberry 250 ml,alfagift,Cimory Minuman Yogurt Stroberi 240 ml,9400,240 ml,91,A10280005120,alternative,size differs; keyword overlap
Bear Brand Susu Steril 189 ml,alfagift,Bear Brand Susu Steril Kaleng 189 ml,9700,189 ml,100,A13170001204,exact,brand and size match
Indomilk Susu Cokelat UHT 190 ml,alfagift,Indomilk Susu Cair Rasa Cokelat 190 ml,4800,190 ml,100,A13170001026,exact,brand and size match
Indomilk Susu Stroberi UHT 190 ml,alfagift,Indomilk Susu Cair Rasa Stroberi 190 ml,4800,190 ml,100,A13170001027,exact,brand and size match
Greenfields Susu Plain UHT 200 ml,alfagift,Frisian Flag Nutribrain Susu UHT Cair Plain Kotak 110 ml,3700,110 ml,80,A7159030001022,alternative,brand differs; size differs; keyword overlap
Greenfields Susu Cokelat UHT 200 ml,alfagift,Greenfields Susu UHT Less Sugar Cokelat 32 x 200 ml - Karton,190000,200 ml,100,A8048980001094,exact,brand and size match
Oatside Susu Oat Barista 1 L,alfagift,OATSIDE Susu Oat Cair Barista Blend Kotak 1 L,32300,1 L,100,A7737930002167,exact,brand and size match
Naraya Susu Kedelai Original 320 ml,alfagift,Lactasoy Susu Kacang Kedelai UHT Rasa Original 250 ml,7500,250 ml,93,A8156170001375,alternative,brand differs; size differs; keyword overlap
Nescafe Kopi Latte Botol 220 ml,alfagift,Nescafe Latte Kopi Kaleng 220 ml,8000,220 ml,100,A7678140001073,alternative,keyword overlap
Kopiko 78 Kopi Susu Gula Aren 240 ml,alfagift,ABC Kopi Susu Gula Aren 9 x 27 g,11700,27 g,95,A7806060002167,alternative,brand differs; size unavailable; keyword overlap
Golda Kopi Latte Botol 200 ml,alfagift,Golda Minuman Kopi Dolce Latte Pet 200 ml,4400,200 ml,100,A6629010001064,alternative,keyword overlap
Chocolatos Minuman Cokelat 200 ml,alfagift,ABC Minuman Kopi Chocomalt Pet 200 ml,3500,200 ml,90,A12790015620,alternative,brand differs; keyword overlap
Ultra Jaya Minuman Sari Kacang Hijau 250 ml,alfagift,ABC Minuman Sari Kacang Hijau 250 ml,5800,250 ml,100,A12740003130,alternative,brand differs; keyword overlap
Tjampolay Sirup Cocopandan 630 ml,alfagift,Inaco Nata de Coco dalam Sirup Rasa Cocopandan Pouch 360 g,5900,360 g,81,A8205750002167,alternative,brand differs; size unavailable; keyword overlap
Tropicana Slim Sirup Leci 750 ml,alfagift,Tropicana Slim Sirup Leci Botol 750 ml,34900,750 ml,100,A8050160002167,exact,brand and size match
Chocolatos Minuman Serbuk Cokelat 10 sachet,alfagift,Energen Champion Minuman Sereal Bubuk Cokelat Sachet 10 x 24 g,31200,24 g,98,A8132550001036,alternative,brand differs; keyword overlap
Sidomuncul Minuman Serbuk Jahe 5 sachet,alfagift,Anget Sari Minuman Serbuk Susu Jahe 5 x 28 g,9300,28 g,100,A12230002967,alternative,brand differs; keyword overlap
Dancow Susu Bubuk Anak 1+ 400 g,alfagift,SGM Eksplor 5+ IronC Susu Bubuk Pertumbuhan Madu Anak 400 g,41800,400 g,100,A06730200217,alternative,brand differs; keyword overlap
Dancow Susu Bubuk Anak 3+ 400 g,alfagift,SGM Eksplor 3+ IronC Susu Bubuk Pertumbuhan Anak Vanila 400 g,41800,400 g,100,A06760005406,alternative,brand differs; keyword overlap
Dancow Susu Bubuk Fortigro 800 g,alfagift,Nestle Dancow FortiGro Susu Bubuk Instan Cokelat Crunch 346.5 g,37900,346.5 g,100,A8267100002167,alternative,size differs; keyword overlap
SGM Eksplor Susu Bubuk Anak 1+ 400 g,alfagift,SGM Eksplor 1+ IronC Susu Bubuk Pertumbuhan Anak Madu 400 g,43400,400 g,100,A06760005471,exact,brand and size match
SGM Eksplor Susu Bubuk Anak 3+ 400 g,alfagift,SGM Eksplor 3+ IronC Susu Bubuk Pertumbuhan Anak Madu 400 g,41800,400 g,100,A06760007312,exact,brand and size match
SGM Eksplor Susu Bubuk Anak 5+ 400 g,alfagift,SGM Eksplor 1+ IronC Susu Bubuk Pertumbuhan Anak Vanila 400 g,43400,400 g,100,A06790303604,exact,brand and size match
Bebelac Susu Bubuk Pertumbuhan 400 g,alfagift,SGM Eksplor 3+ IronC Susu Bubuk Pertumbuhan Anak Cokelat 400 g,41800,400 g,100,A06760007188,alternative,brand differs; keyword overlap
Nutrilon Royal Susu Bubuk Pertumbuhan 400 g,alfagift,Nutrilon Royal 3 Susu Bubuk Pertumbuhan Anak Madu 400 g,114200,400 g,100,A06760005794,exact,brand and size match
Prenagen Mommy Susu Ibu Hamil 400 g,alfagift,Anmum Materna Susu Bubuk Ibu Hamil Cokelat 400 g,77900,400 g,100,A26420001398,alternative,brand differs; keyword overlap
Tropicana Slim Susu Rendah Lemak 500 g,alfagift,Ultra Milk Susu UHT Rendah Lemak Kotak 1 L,23900,1 L,85,A8055290002167,alternative,brand differs; size unavailable; keyword overlap
Dancow Susu Cokelat Bubuk 200 g,alfagift,Nestle Dancow FortiGro Susu Bubuk Instan Cokelat 390 g,49200,390 g,100,A13070001175,alternative,size differs; keyword overlap
Indomilk Susu Cokelat Bubuk 400 g,alfagift,Milo 3in1 Activ-Go Susu Bubuk Cokelat Instant Pouch 400 g,37000,400 g,100,A8301940002167,alternative,brand differs; keyword overlap
Indomilk Susu Full Cream Bubuk 400 g,alfagift,Indomilk Opti Nutri Susu Bubuk Full Cream 800 g,84500,800 g,100,A7793290002167,alternative,size differs; keyword overlap
Indomilk Susu Kental Manis Cokelat 370 g,alfagift,Indomilk Krimer Kental Manis Swiss Choco 6 x 37 g,7900,37 g,89,A13300001008,alternative,size differs; keyword overlap
Omela Susu Kental Manis Putih 490 g,alfagift,Frisian Flag Krimer Kental Manis Putih 490 g,16400,490 g,100,A6876870001097,alternative,brand differs; keyword overlap
Prochiz Keju Slice 10 slices,alfagift,Prochiz Quick Melt Keju Cheddar Olahan Slice 5 s,10700,10 slices,100,A7770250002167,alternative,keyword overlap
Prochiz Keju Cheddar 170 g,alfagift,WinCheez Keju Cheedar Olahan Gold Box 170 g,10800,170 g,80,A7933960002167,alternative,brand differs; keyword overlap
Prochiz Spready Keju Oles 160 g,alfagift,Prochiz Keju Cheddar Olahan Oles 160 g,12500,160 g,100,A8143550002167,alternative,brand differs; keyword overlap
Cimory Yogurt Squeeze Strawberry 120 g,alfagift,Cimory Yogurt Squeeze Stroberi 120 g,8500,120 g,100,A7451340001001,exact,brand and size match
Cimory Yogurt Squeeze Blueberry 120 g,alfagift,Cimory Yogurt Squeeze Bluberi 120 g,8500,120 g,100,A7597910001001,exact,brand and size match
Koko Krunch Sereal Cokelat 330 g,alfagift,Kitkat Sereal Cokelat Box 330 g,49900,330 g,100,A8274490002167,alternative,brand differs; keyword overlap
Honey Stars Sereal Madu 300 g,alfagift,Nestle Sereal Honey Stars Box 300 g,36900,300 g,100,A7723640002167,exact,brand and size match
Nestle Corn Flakes Sereal Jagung 275 g,alfagift,Kellogg's Sereal Corn Flakes 500 g,58500,500 g,75,A7749310002167,alternative,brand differs; size differs; keyword overlap
East Bali Cashews Granola Dark Chocolate 125 g,alfagift,Kellogg's Sereal Granola Dark Chocolate Pouch 220 g,54900,220 g,80,A8143650002167,alternative,brand differs; size differs; keyword overlap
MyRoti Roti Gandum 400 g,alfagift,MyRoti Roti Tawar Gandum 10 s,20000,400 g,100,A7278980001001,alternative,keyword overlap
MyRoti Roti Tawar Susu 350 g,alfagift,Sari Roti Tawar Soft Rasa Susu Jumbo 540 g,18000,540 g,88,A7686490001073,alternative,brand differs; size differs; keyword overlap
Sharon Roti Manis Keju 60 g,alfagift,Bean Spot Roti Keju Manis,9000,60 g,100,A8285840002167,alternative,brand differs; keyword overlap
Pondan Pancake Mix 150 g,alfagift,Haan Pancake Mix Tepung Kue Cokelat 150 g,14900,150 g,100,A7749270002167,alternative,brand differs; keyword overlap
My Vla Puding Susu Cokelat 145 g,alfagift,Nutrijell Puding Instan Susu Rasa Coklat Pouch 145 g,14100,145 g,93,A09760002464,alternative,brand differs; keyword overlap
My Vla Puding Susu Mangga 145 g,alfagift,Nutrijell Puding Instan Susu Rasa Mangga Pouch 170 g,13500,170 g,90,A09760000769,alternative,brand differs; size differs; keyword overlap
Lux Sabun Mandi Cair 450 ml,alfagift,Morris Sabun Mandi Cair Double Anti Bakteri Refill 450 ml,12000,450 ml,100,A7774050002167,alternative,brand differs; keyword overlap
Lux Sabun Mandi Cair 250 ml,alfagift,Lux Botanicals Sabun Mandi Cair Soft Rose Botol 100 g,5500,100 g,100,A10810629945,alternative,size unavailable; keyword overlap
Lux Sabun Batang 75 g,alfagift,My Baby Sabun Mandi Batang Bayi Sweet Floral 75 g,4000,75 g,100,A09000038175,alternative,brand differs; keyword overlap
Dove Sabun Mandi Cair 400 ml,alfagift,Dove Sensitive Relief Sabun Mandi Cair Refill 400 ml,17900,400 ml,100,A8262990002167,exact,brand and size match
Garnier Men Sabun Wajah Men 100 ml,alfagift,Garnier Men Acno Fight Pembersih Wajah Foam Scrub Anti Jerawat 100 ml,34900,100 ml,100,A13090001233,alternative,keyword overlap
Garnier Micellar Water 125 ml,alfagift,Garnier Micellar Peeling Water 1% AHA + PHA 125 ml,22900,125 ml,100,A8307570002167,exact,brand and size match
Garnier Facial Foam Brightening 100 ml,alfagift,Garnier Men Turbo Bright Pembersih Wajah Duo Foam untuk Noda Hitam 100 ml,34900,100 ml,88,A13090039139,alternative,keyword overlap
Pond's Men Facial Wash Acne 100 g,alfagift,Men's Biore Pembersih Wajah Acne Skincare 100 g,39500,100 g,81,A13090004698,alternative,brand differs; keyword overlap
Pond's Facial Foam Bright Beauty 100 g,alfagift,Pond's Bright Miracle Whip Collagen Niasorcinol Pembersih Wajah Foam 100 g,37100,100 g,100,A7619910001001,alternative,keyword overlap
Vaseline Body Lotion Intensive Care 200 ml,alfagift,Vaseline Intensive Care Lotion Pelembap Tubuh Aloe Soothe 200 ml,36000,200 ml,100,A10770629956,exact,brand and size match
Vaseline Body Lotion Healthy Bright 400 ml,alfagift,Vaseline Healthy Bright UV Extra Brightening Lotion Pelembap Tubuh GlutaGlow 100 ml,21900,100 ml,100,A12540000508,alternative,size differs; keyword overlap
Nivea Body Lotion UV White 200 ml,alfagift,Marina UV White Lotion Pelembap Tubuh E Collagen Asta 185 ml,9900,185 ml,79,A7077250001077,alternative,brand differs; size differs; keyword overlap
Citra Hand Body Lotion 230 ml,alfagift,Citra Extra Moist & Bright Lotion Pelembap Tubuh Avocado 210 ml,22900,210 ml,73,A8245800002167,alternative,size differs; keyword overlap
Rexona Deodorant Roll On Men 45 ml,alfagift,Rexona Deodoran Roll On Pria Ice Cool 45 ml,18900,45 ml,100,A7738650002167,alternative,keyword overlap
Rexona Deodorant Roll On Women 45 ml,alfagift,Rexona Deodoran Roll On Wanita Powder Dry 45 ml,18900,45 ml,100,A12430042806,alternative,keyword overlap
Nivea Men Deodorant Spray 150 ml,alfagift,Nivea Men Deodoran Spray Cool Kick Extra Dry 150 ml,50000,150 ml,100,A8299530002167,alternative,keyword overlap
Clear Shampoo Anti Ketombe 170 ml,alfagift,Zinc Sampo Anti Ketombe & Perawatan Rambut Rontok Japanese Ginseng 170 ml,19200,170 ml,100,A8366790002167,alternative,brand differs; keyword overlap
Clear Shampoo Anti Ketombe 340 ml,alfagift,Emeron Sampo Anti Ketombe Botol 340 ml,27900,340 ml,100,A7882640001116,alternative,brand differs; keyword overlap
Head & Shoulders Shampoo Anti Dandruff 160 ml,alfagift,Head & Shoulders Sampo Anti Ketombe Perawatan Kulit Kepala Anti Gatal Botol 160 ml,28900,160 ml,100,A7664730001116,alternative,keyword overlap
Pantene Conditioner Smooth Care 165 ml,alfagift,Pantene Kondisioner Perawatan Rambut Halus & Lembut 160 ml,25900,160 ml,65,A8010210002167,alternative,size differs; keyword overlap
Ellips Hair Vitamin Capsule 6 pcs,alfagift,Ellips Vitamin Rambut Hair Treatment 6 pcs,12500,6 pcs,100,A13740051382,alternative,keyword overlap
Natur Hair Tonic Ginseng 90 ml,alfagift,Rudy Hadisuwarno Tonik Rambut Ekstrak Ginseng Anti Rontok 220 ml,72900,220 ml,55,A7847950002167,alternative,brand differs; size differs; keyword overlap
Closeup Pasta Gigi Fresh Mint 160 g,alfagift,Sensodyne Pasta Gigi Fresh Mint 160 g,35000,160 g,100,A7521920001001,alternative,brand differs; keyword overlap
Enzim Pasta Gigi Herbal 124 g,alfagift,Ciptadent Pasta Gigi Herbal 190 g,14500,190 g,91,A7839370002167,alternative,brand differs; size differs; keyword overlap
Sensodyne Pasta Gigi Sensitivity 100 g,alfagift,Darlie Pasta Gigi & Perawatan Gusi Sensitivity Relief 140 g,33000,140 g,89,A7917300002167,alternative,brand differs; size differs; keyword overlap
Kodomo Pasta Gigi Anak 45 g,alfagift,Kodomo Pasta Gigi Anak Melon 45 g,5500,45 g,100,A7808350002167,exact,brand and size match
Oral-B Sikat Gigi Dewasa 1 pcs,alfagift,Oral-B Gentle Clean Sensitivex Sikat Gigi Ultra Lembut 1 pcs,25900,1 pcs,100,A8345400002167,alternative,keyword overlap
Kodomo Sikat Gigi Anak 1 pcs,alfagift,Kodomo Paket Sikat Gigi + Pasta Gigi Anak Stroberi Mint 45 g,10900,45 g,100,A19210340328,alternative,size unavailable; keyword overlap
Listerine Obat Kumur 250 ml,alfagift,Listerine Obat Kumur Antiseptik Zero 250 ml,19900,250 ml,100,A19020801483,exact,brand and size match
Listerine Obat Kumur 500 ml,alfagift,Listerine Obat Kumur Antiseptik Cool Mint 500 ml,35900,500 ml,100,A19020000362,exact,brand and size match
Selection Cotton Bud 100 pcs,alfagift,Alfamart Cotton Buds Reguler Refill 100 pcs,6800,100 pcs,83,A14030005992,alternative,brand differs; keyword overlap
Selection Kapas Wajah 50 g,alfagift,Alfamart Kapas Wajah 50 g,10900,50 g,100,A14030035031,alternative,brand differs; keyword overlap
Mitu Tisu Basah Antibacterial 50 sheets,alfagift,Dettol Tisu Basah Anti Bakteri Sensitive 50 s,29900,50 sheets,95,A7703970002167,alternative,brand differs; keyword overlap
Mitu Baby Tisu Basah Baby 60 sheets,alfagift,Mitu Baby Tisu Basah Bayi Antiseptik Refreshing Lime 10 s,7500,60 sheets,100,A14030004639,alternative,keyword overlap
Zwitsal Sabun Bayi Cair 300 ml,alfagift,Cussons Baby Sabun Cair Pencuci Botol & Dot Bayi 700 + 300 ml,39900,300 ml,100,A8217140002167,alternative,brand differs; keyword overlap
Zwitsal Shampoo Bayi 100 ml,alfagift,Zwitsal Natural Sampo Bayi Aloe Vera Botol 100 ml,18900,100 ml,100,A09000000317,alternative,keyword overlap
Zwitsal Baby Cologne 100 ml,alfagift,Zwitsal Cologne Bayi Soft Touch Aloe Vera Botol 100 ml,19900,100 ml,100,A8122990002167,exact,brand and size match
Cussons Baby Baby Oil 100 ml,alfagift,Cussons Baby Oil Soft & Smooth 100 ml,19900,100 ml,100,A08970000205,exact,brand and size match
Cussons Baby Baby Powder 350 g,alfagift,Cussons Baby Bedak Bayi Fresh & Nourish 100 + 30 g,11100,30 g,77,A08700000571,alternative,size differs; keyword overlap
Pigeon Baby Cream 50 g,alfagift,Gently Baby Calming Krim Bayi 50 g,79900,50 g,77,A8012130002167,alternative,brand differs; keyword overlap
Nivea Lip Balm Strawberry 4.8 g,alfagift,Wardah Hydrabalm Lip Care Pelembap Bibir Candy Strawberry SPF 15 4 g,34000,4 g,81,A7503560001001,alternative,brand differs; size differs; keyword overlap
Wardah Lip Cream Matte 4 g,alfagift,Wardah Colorfit Velvet Matte Lip Mousse Cream Sweet Cinnamon 4 g,67900,4 g,100,A7949700002167,exact,brand and size match
Wardah Sunscreen Gel 30 ml,alfagift,Azarine Hydrasoothe Sunscreen Wajah Gel SPF 45 PA++++ 30 ml,39000,30 ml,100,A7838870002167,alternative,brand differs; keyword overlap
Cetaphil Face Wash Gentle 125 ml,alfagift,Cetaphil Gentle Skin Pembersih Wajah & Tubuh 59 ml,56500,59 ml,77,A7630730001001,alternative,size differs; keyword overlap
Garnier Masker Wajah Sheet 1 pcs,alfagift,NPure Sheet Mask Noni Probiotics Masker Wajah Lembaran Hypoallergenic 20 g,18000,20 g,92,A8271090002167,alternative,brand differs; size unavailable; keyword overlap
Garnier Serum Vitamin C 15 ml,alfagift,Himalaya Brightening Vitamin C Serum Wajah Orange 15 ml,37000,15 ml,100,A8241590002167,alternative,brand differs; keyword overlap
Pucelle Parfum Body Mist 150 ml,alfagift,Casablanca Homme Body Mist Cologne Parfum Aqua 100 ml,12900,100 ml,88,A15970321481,alternative,brand differs; size differs; keyword overlap
Casablanca Cologne Spray 100 ml,alfagift,Casablanca Femme Body Mist Cologne Wanita Romantic 100 ml,17900,100 ml,100,A8055430002167,exact,brand and size match
Panadol Obat Sakit Kepala 10 kaplet,alfagift,Panadol Paracetamol Obat Sakit Kepala 10 Kaplet,13500,10 kaplet,100,A17260002650,exact,brand and size match
Panadol Obat Sakit Kepala Extra 10 kaplet,alfagift,Panadol Extra Obat Sakit Kepala 10 Kaplet,15000,10 kaplet,100,A17260002649,exact,brand and size match
Bodrex Obat Sakit Kepala 10 tablet,alfagift,Oskadon Obat Sakit Kepala Strip 4 Tablet,1700,10 tablet,100,A17260005496,alternative,brand differs; keyword overlap
Mixagrip Obat Flu dan Batuk 4 kaplet,alfagift,Procold Obat Flu dan Batuk 6 Kaplet,7200,4 kaplet,100,A16920015604,alternative,brand differs; keyword overlap
Ultraflu Obat Flu 4 kaplet,alfagift,Mixagrip Obat Flu Strip 4 Kaplet,3900,4 kaplet,100,A16920003055,alternative,brand differs; keyword overlap
OBH Combi Anak Sirup Batuk Anak 60 ml,alfagift,OBH Combi Anak Obat Batuk & Flu Cair Strawberry 60 ml,21200,60 ml,100,A16920002151,alternative,keyword overlap
Komix Obat Batuk Sachet 7 ml,alfagift,Komix OBH Obat Batuk Berdahak & Pilek Cair Sachet 6 x 7 ml,12500,7 ml,100,A8289110002167,exact,brand and size match
Entrostop Obat Diare 12 tablet,alfagift,Entrostop Obat Diare 10 Tablet,10500,12 tablet,100,A7715580002167,alternative,keyword overlap
Diapet Obat Diare Herbal 10 kapsul,alfagift,Diapet Obat Diare 10 Kapsul,9700,10 kapsul,100,A6804810001027,alternative,keyword overlap
Promag Obat Maag 12 tablet,alfagift,Promag Suspensi Obat Maag & Kembung Mint Segar Sachet 10 ml,2500,10 ml,100,A17180004533,alternative,keyword overlap
Tolak Angin Obat Masuk Angin Cair 5 sachet,alfagift,SidoMuncul Tolak Angin Obat Herbal Masuk Angin Cair Sachet 5 x 15 ml,24800,15 ml,100,A17050007235,exact,brand and size match
Antangin Obat Masuk Angin Cair 5 sachet,alfagift,Antangin Junior Obat Herbal Masuk Angin Cair Sachet 5 pcs,18000,5 sachet,100,A7842590002167,exact,brand and size match
Cap Lang Minyak Kayu Putih 60 ml,alfagift,Cap Lang Minyak Kayu Putih Bayi Plus Lavender 60 ml,13900,60 ml,100,A8351150002167,exact,brand and size match
Cap Lang Minyak Kayu Putih 120 ml,alfagift,Cap Lang Minyak Kayu Putih Eucalyptus Original 120 ml,35000,120 ml,100,A7757990002167,exact,brand and size match
FreshCare Minyak Angin Aromatherapy 10 ml,alfagift,So Fresh Minyak Angin Aromaterapi Citrus 2 x 10 ml,13500,10 ml,100,A8327480002167,alternative,brand differs; keyword overlap
Hansaplast Plester Luka 10 pcs,alfagift,Hansaplast Junior Fun Plester Luka Anak Elastis Motif Karakter 10 s,9200,10 pcs,100,A8334880002167,alternative,keyword overlap
Hansaplast Plester Luka Roll 1 roll,alfagift,Hansaplast Kain Elastis Plester Luka 10 s,9300,1 roll,100,A7316210001001,alternative,keyword overlap
Betadine Antiseptik Luka 15 ml,alfagift,Betadine Ointment Obat Salep Luka Antiseptik 5 g,9900,5 g,100,A8253810002167,alternative,size unavailable; keyword overlap
Betadine Antiseptik Luka 60 ml,alfagift,Betadine Bening Antiseptik Luka Semprot 30 ml,19900,30 ml,100,A8357020002167,alternative,size differs; keyword overlap
Holisticare Ester C Vitamin C Tablet 30 tablet,alfagift,HolistiCare Super Ester-C Vitamin C Anak 30 Tablet,45900,30 tablet,100,A7691750002167,alternative,brand differs; keyword overlap
CDR Vitamin C Effervescent 10 tablet,alfagift,Imboost Suplemen Daya Tahan Tubuh Effervescent Vitamin C & D3 Jeruk 2 Tablet,12300,10 tablet,100,A7419470001953,alternative,brand differs; keyword overlap
Sakatonik ABC Multivitamin Anak 30 tablet,alfagift,Fitkom Hi-C Multivitamin Daya tahan Tubuh Anak Anggur 21 Tablet Hisap,21900,30 tablet,98,A6644490001022,alternative,brand differs; keyword overlap
OneMed Masker Medis 50 pcs,alfagift,Alfamart Masker Dewasa Medis Earloop 3 Ply 5 pcs,7900,50 pcs,100,A18940252839,alternative,brand differs; keyword overlap
My Baby Minyak Telon 90 ml,alfagift,My Baby Minyak Telon Plus Eucalyptus Perlindungan Lebih Lama 90 ml,21500,90 ml,100,A08970303801,exact,brand and size match
My Baby Minyak Telon Plus 150 ml,alfagift,My Baby Minyak Telon Plus Eucalyptus Perlindungan Lebih Lama 150 ml,35500,150 ml,100,A7853220002167,exact,brand and size match
Pampers Popok Bayi Pants M 20 pcs,alfagift,MamyPoko X-tra Kering Popok Celana Bayi M 20 pcs,39900,20 pcs,97,A7779620002167,alternative,brand differs; keyword overlap
Pampers Popok Bayi Pants L 18 pcs,alfagift,Happy Nappy Smart Pants Popok Celana Bayi L 28 pcs,42500,18 pcs,100,A7086440001154,alternative,brand differs; keyword overlap
Pampers Popok Bayi Pants XL 16 pcs,alfagift,Happy Nappy Smart Pants Popok Celana Bayi XL 24 + 2 pcs,42500,16 pcs,100,A7338760002168,alternative,brand differs; keyword overlap
Merries Popok Bayi Tape S 24 pcs,alfagift,MamyPoko X-tra Kering Popok Perekat Bayi S 24 pcs,34900,24 pcs,99,A15880039743,alternative,brand differs; keyword overlap
Merries Popok Bayi Pants M 22 pcs,alfagift,Happy Nappy Smart Pants Popok Celana Bayi M 32 pcs,42500,22 pcs,100,A7086430001154,alternative,brand differs; keyword overlap
Merries Popok Bayi Pants L 20 pcs,alfagift,MamyPoko X-tra Kering Popok Celana Bayi L 20 pcs,42900,20 pcs,97,A7779630002167,alternative,brand differs; keyword overlap
Sweety Popok Bayi Pants M 20 pcs,alfagift,Fitti Pants Popok Celana Bayi M 32 pcs,47500,20 pcs,100,A7338770002168,alternative,brand differs; keyword overlap
Sweety Popok Bayi Pants L 18 pcs,alfagift,Fitti Pants Popok Celana Bayi L 28 pcs,47500,18 pcs,100,A7338780002168,alternative,brand differs; keyword overlap
Sweety Popok Bayi Pants XL 16 pcs,alfagift,Sweety Bronze Dry X-Pert Popok Celana Bayi XL 24 pcs,47900,16 pcs,100,A7321010001001,alternative,keyword overlap
Huggies Popok Bayi Pants L 18 pcs,alfagift,Baby Happy Body Fit Pants Popok Celana Bayi L 28 pcs,48900,18 pcs,100,A7747160002167,alternative,brand differs; keyword overlap
Laurier Pembalut Siang Wing 20 pcs,alfagift,Laurier Active Day X-tra Pembalut Wanita Non Wing 30 pcs,20900,20 pcs,100,A16290001108,alternative,keyword overlap
Laurier Pembalut Malam Wing 10 pcs,alfagift,Hers Protex Cool Breeze Cinnamoroll Pembalut Malam Wing 30 cm 10 + 2 pcs,12500,10 pcs,100,A8344930002167,alternative,brand differs; keyword overlap
Charm Pembalut Siang Wing 20 pcs,alfagift,Laurier Active Day Pembalut Wanita Wing 22 cm 30 pcs,22700,20 pcs,93,A16290002210,alternative,brand differs; keyword overlap
Charm Pembalut Malam Wing 10 pcs,alfagift,Charm Cooling Fresh Pembalut Wanita Wing Malam Ekstrak Daun Mint 29 cm 10 pcs,15900,10 pcs,100,A7283830001001,exact,brand and size match
Laurier Pantyliner 40 pcs,alfagift,Laurier Pantyliner Non-perfume 40 pcs,14500,40 pcs,100,A16230001262,exact,brand and size match
Bebelove Susu Formula Bayi 0-6 Bulan 400 g,alfagift,SGM Ananda 1 (0-6 Bulan) Susu Formula Bayi Bubuk 400 g,43400,400 g,100,A06790303616,alternative,brand differs; keyword overlap
Bebelove Susu Formula Bayi 6-12 Bulan 400 g,alfagift,SGM Ananda 2 (6-12 Bulan) Susu Formula Bayi Bubuk 400 g,43400,400 g,100,A06790303643,alternative,brand differs; keyword overlap
Pigeon Botol Susu Bayi 120 ml,alfagift,Pigeon Botol Susu Bayi PP Slim Neck 120 ml,43200,120 ml,100,A14720006549,exact,brand and size match
Pigeon Dot Bayi Silicone 2 pcs,alfagift,Baby Huki Dot Botol Bayi Silikon Ortodontik L 1 pcs,8900,2 pcs,83,A14760846076,alternative,brand differs; keyword overlap
Attack Detergen Bubuk 800 g,alfagift,Attack Jaz1 Deterjen Bubuk Semerbak Cinta 800 g,18900,800 g,100,A07220042359,alternative,keyword overlap
Attack Detergen Bubuk 1.6 kg,alfagift,Attack Jaz1 Deterjen Bubuk Pesona Segar 1.4 kg,29900,1.4 kg,81,A6794530000943,alternative,size differs; keyword overlap
Attack Detergen Cair 700 ml,alfagift,So Klin Deterjen Cair Anti Bacterial 700 ml,14200,700 ml,85,A07220039052,alternative,brand differs; keyword overlap
Attack Detergen Cair 1.4 L,alfagift,Attack Hygiene & Color Protection Deterjen Cair 1.2 L,38000,1.2 L,78,A7669010000943,alternative,size differs; keyword overlap
Daia Detergen Bubuk 850 g,alfagift,Daia Deterjen Bubuk Floral Refill 1.5 kg,24900,1.5 kg,73,A26350004710,alternative,size differs; keyword overlap
Daia Detergen Bubuk 1.8 kg,alfagift,So Klin Bio-Matic Deterjen Bubuk + Pelembut Mesin Cuci Bukaan Atas 1.8 kg,33900,1.8 kg,79,A7883900000943,alternative,brand differs; keyword overlap
So Klin Liquid Detergen Cair 800 ml,alfagift,So Klin Deterjen Cair Hijab Cool 700 ml,13900,700 ml,76,A8253080002167,alternative,brand differs; size differs; keyword overlap
So Klin Detergen Bubuk 770 g,alfagift,Sayang Deterjen Bubuk Rose Refill 770 g,13500,770 g,85,A7780310002167,alternative,brand differs; keyword overlap
Boom Detergen Bubuk 800 g,alfagift,Daia Deterjen Bubuk + Pelembut Pakaian Romantic Pink 800 g,15000,800 g,77,A07220042381,alternative,brand differs; keyword overlap
Downy Pewangi Pakaian 720 ml,alfagift,Downy Pelembut & Pewangi Pakaian Adorable Bouquet 550 ml,17900,550 ml,100,A7675410000950,alternative,size differs; keyword overlap
Downy Pewangi Pakaian 1.35 L,alfagift,Downy Pelembut & Pewangi Pakaian Passion 1.35 L,51900,1.35 L,100,A7799030002167,exact,brand and size match
So Klin Softener Pewangi Pakaian 800 ml,alfagift,So Klin Softener Fine & Comfort Pelembut & Pewangi Pakaian Bayi Refill 650 ml,13900,650 ml,100,A7955830000950,alternative,size differs; keyword overlap
Rapika Pelicin Pakaian 450 ml,alfagift,"Rapika Biang Pelicin, Pewangi & Pelembut Pakaian Luxury Gold 250 ml",4600,250 ml,100,A7127990000950,alternative,size differs; keyword overlap
Rapika Pelicin Pakaian 900 ml,alfagift,"Rapika Pelicin, Pewangi & Pelembut Pakaian Japanese Sakura & Strawberry 300 ml",5200,300 ml,100,A7118450001001,alternative,size differs; keyword overlap
Kispray Pelicin Pakaian 300 ml,alfagift,Molto Trika Pelicin & Pewangi Pakaian Pure Refill 300 ml,3900,300 ml,100,A8065190002167,alternative,brand differs; keyword overlap
Vanish Penghilang Noda 450 ml,alfagift,Vanish Oxi Action Penghilang Noda Pakaian Bubuk 105 g,24900,105 g,100,A8351870002167,alternative,size unavailable; keyword overlap
Proclin Pemutih Pakaian 1 L,alfagift,Bayclin Pemutih Pakaian Fresh 1 L,20900,1 L,100,A8065080002167,alternative,brand differs; keyword overlap
Mama Lemon Sabun Cuci Piring 780 ml,alfagift,Mama Lemon Sabun Cuci Piring Jeruk Nipis Refill 430 g,5900,430 g,100,A7800240002167,alternative,size unavailable; keyword overlap
Mama Lemon Sabun Cuci Piring 1.5 L,alfagift,Lifebuoy Botanitech Sabun Cuci Piring Lime Refill 1.5 L,16000,1.5 L,100,A7900900002167,alternative,brand differs; keyword overlap
Yuri Sabun Cuci Piring 755 ml,alfagift,Ekonomi Sabun Cuci Piring Jeruk Nipis 670 g,6500,670 g,94,A7035670001924,alternative,brand differs; size unavailable; keyword overlap
Yuri Sabun Cuci Piring 1.5 L,alfagift,Mama Lime Sabun Cuci Piring Higienis Lime Refill 1.5 L,17500,1.5 L,100,A8307500002167,alternative,brand differs; keyword overlap
So Klin Lantai Pembersih Lantai 780 ml,alfagift,So Klin Cairan Pembersih Lantai Citrus Garden Refill 700 ml,7900,700 ml,100,A7855680000873,alternative,brand differs; size differs; keyword overlap
So Klin Lantai Pembersih Lantai 1.8 L,alfagift,So Klin Cairan Pembersih Lantai Citrus Garden Refill 1.45 L,14900,1.45 L,100,A8263010002167,alternative,brand differs; size differs; keyword overlap
Super Pell Pembersih Lantai 770 ml,alfagift,Super Pell Cairan Pembersih Lantai Japanese Apple & Peony Refill 770 ml,10900,770 ml,100,A27890000001,exact,brand and size match
Super Pell Pembersih Lantai 1.6 L,alfagift,Super Pell Cairan Pembersih Lantai Japanese Apple & Peony Refill 1.6 L,20900,1.6 L,100,A7708540002167,exact,brand and size match
SOS Pembersih Lantai Karbol 800 ml,alfagift,Prokleen Karbol Cairan Pembersih Lantai Sereh Lemon Refill 800 ml,13500,800 ml,100,A7851880002167,alternative,brand differs; keyword overlap
Harpic Pembersih Toilet 450 ml,alfagift,Harpic Cairan Pembersih Kamar Mandi Original 450 ml,24900,450 ml,100,A27830000004,exact,brand and size match
Vixal Pembersih Toilet 780 ml,alfagift,Vixal Cairan Pembersih Kamar Mandi Ekstra Kuat 360 ml,7900,360 ml,82,A8275120002167,alternative,size differs; keyword overlap
Porstex Pembersih Keramik 500 ml,alfagift,Yuri Porstex Pembersih Kloset 500 ml,17500,500 ml,100,A7888830002167,exact,brand and size match
Mr Muscle Pembersih Kaca 500 ml,alfagift,Mr Muscle Cairan Pembersih Kaca Pump 500 ml,14800,500 ml,100,A27950000003,exact,brand and size match
Stella Pengharum Ruangan Aerosol 225 ml,alfagift,Fresly Pengharum Ruangan Aerosol Fresh Morning 225 ml,24900,225 ml,100,A8303670002167,alternative,brand differs; keyword overlap
Glade Pengharum Ruangan Aerosol 225 ml,alfagift,Fresly Air Care Pengharum Ruangan Aerosol Tea Time Refill 225 ml,24900,225 ml,100,A8319250002167,alternative,brand differs; keyword overlap
Stella Pengharum Ruangan Gantung 8 ml,alfagift,BayFresh Pengharum Ruangan Gantung Strawberry Bubblegum 70 + 5 g,7900,5 g,100,A7886280001064,alternative,brand differs; size unavailable; keyword overlap
Baygon Obat Nyamuk Semprot 600 ml,alfagift,Baygon Obat Nyamuk Aerosol Cherry Blossom 600 ml,45900,600 ml,100,A7217390001037,exact,brand and size match
HIT Obat Nyamuk Semprot 600 ml,alfagift,HIT Obat Nyamuk Aerosol Orange 600 ml,34900,600 ml,100,A06430000015,exact,brand and size match
Baygon Obat Nyamuk Elektrik 1 set,alfagift,HIT Mat Obat Nyamuk Elektrik 18 pcs,9300,1 set,100,A06430000034,alternative,brand differs; keyword overlap
HIT Obat Nyamuk Bakar 10 pcs,alfagift,HIT Magic Expert Obat Nyamuk Bakar Floral Blossom 10 pcs,6500,10 pcs,100,A6859680001022,exact,brand and size match
Indomaret Kantong Sampah 15 pcs,alfagift,Alfamart Kantong Sampah 45 x 50 cm 20 pcs,10500,15 pcs,97,A7748990002167,alternative,brand differs; keyword overlap
Klin Pak Aluminium Foil 8 m,alfagift,Klin Pak Aluminium Foil Pembungkus Serbaguna Refill 8 m x 30 cm,23000,8 m,100,A7779170002167,exact,brand and size match
Klin Pak Plastik Wrap 30 m,alfagift,Klin Pak Plastik Wrap Pembungkus Serbaguna Box 30 m,24500,30 m,100,A7779180002167,exact,brand and size match
Spontex Spons Cuci Piring 3 pcs,alfagift,Alfamart Spons Cuci Piring Jaring 2 pcs,9200,3 pcs,100,A8174900002167,alternative,brand differs; keyword overlap
Bagus Sabut Stainless 3 pcs,alfagift,Alfamart Sabut Cuci Piring Stainless Steel 2 pcs,9200,3 pcs,100,A8174890002167,alternative,brand differs; keyword overlap
Bagus Lap Serbaguna 3 pcs,alfagift,Alfamart Kain Lap Pembersih Mikrofiber Serbaguna Assorted 1 pcs,37900,3 pcs,97,A27760266006,alternative,brand differs; keyword overlap
Multi Tisu Dapur 2 roll,alfagift,Alfamart Tisu Dapur 2 Roll,17900,2 roll,100,A7947790002167,alternative,brand differs; keyword overlap
Tessa Tisu Wajah 250 sheets,alfagift,Tessa Nature Tisu Wajah Tanpa Pewarna 3 Ply 60 s,6300,250 sheets,100,A8172910002167,alternative,keyword overlap
Tessa Tisu Toilet 10 roll,alfagift,Nice Tisu Toilet Gulung 10 Roll,37900,10 roll,100,A7747290002167,alternative,brand differs; keyword overlap
Wetkins Tisu Basah Pembersih 50 sheets,alfagift,JF Acne Tisu Basah Pembersih Wajah Anti Jerawat 10 s,10900,50 sheets,97,A8149270002167,alternative,brand differs; keyword overlap
Energizer Baterai AA 2 pcs,alfagift,Energizer Max Baterai AA 2 pcs,27600,2 pcs,100,A08140041548,exact,brand and size match
Energizer Baterai AAA 2 pcs,alfagift,Energizer Max Baterai AAA 2 pcs,27600,2 pcs,100,A08140041550,exact,brand and size match
ABC Alkaline Baterai AA 2 pcs,alfagift,ABC Alkaline Baterai AA Millenium Power LR-06 2 pcs,22400,2 pcs,100,A08140041507,exact,brand and size match
Philips Lampu LED 8 watt,alfagift,Philips MyCare Lampu Bohlam LED Putih 8 Watt,74900,8 watt,100,A6885740000954,exact,brand and size match
Hannochs Lampu LED 10 watt,alfagift,Hannochs Lampu Bohlam LED Click & Dim 10 Watt,26900,10 watt,100,A7992510002167,exact,brand and size match
Alteco Lem Serbaguna 3 g,alfagift,Uhu Lem Perekat Serbaguna 20 ml,18800,20 ml,78,A08845444108,alternative,brand differs; size unavailable; keyword overlap
Daimaru Lakban Bening 1 roll,alfagift,Alfamart Lakban Bening 48 mm x 50 m,12200,1 roll,87,A7709170002167,alternative,brand differs; keyword overlap
Tokai Korek Api Gas 1 pcs,alfagift,Kenmaster Korek Api Pemantik Gas Lighter JW690 1 pcs Assorted,20900,1 pcs,100,A8254500002167,alternative,brand differs; keyword overlap
Bagus Tusuk Gigi 250 pcs,alfagift,Alfamart Tusuk Gigi 75 pcs,8300,250 pcs,98,A03620301638,alternative,brand differs; keyword overlap
